CDR3,MHC,count
CASSLSGAYEQYF,QEFFIASGAAVDAIMWLFLECYDLQRATYHVGFT,16
CASSDPTGTGANVLTF,QEFFIASGAAVDAIMWLFLECYDLQRATYHVGFT,3
CASSLRIAGGPDTQYF,QEFFIASGAAVDAIMWLFLECYDLQRATYHVGFT,24
CASSERTSGGRDTQYF,QEFFIASGAAVDAIMWLFLECYDLQRATYHVGFT,16
CASSPRGRGAETQYF,QEFFIASGAAVDAIMWLFLECYDLQRATYHVGFT,9
CASSTGGQDTQYF,QEFFIASGAAVDAIMWLFLECYDLQRATYHVGFT,5
CASSSTGGGERLFF,QEFFIASGAAVDAIMWLFLECYDLQRATYHVGFT,6
CASSQEHSAETLYF,QEFFIASGAAVDAIMWLFLECYDLQRATYHVGFT,1
CSARVSATAQYF,QEFFIASGAAVDAIMWLFLECYDLQRATYHVGFT,2
CASSQDKDFSNERLFF,QEFFIASGAAVDAIMWLFLECYDLQRATYHVGFT,9
CASSQGSNERLFF,QEFFIASGAAVDAIMWLFLECYDLQRATYHVGFT,5
CASSGTGGYEQYF,QEFFIASGAAVDAIMWLFLECYDLQRATYHVGFT,16
CASSDRAAETLYF,QEFFIASGAAVDAIMWLFLECYDLQRATYHVGFT,9
CASSSRGDYGYTF,QEFFIASGAAVDAIMWLFLECYDLQRATYHVGFT,3
CASSLRLGGQAEQFF,QEFFIASGAAVDAIMWLFLECYDLQRATYHVGFT,6
CTCSDGTGGYKYGEQFF,QEFFIASGAAVDAIMWLFLECYDLQRATYHVGFT,8
CASSLRGDAGYTF,QEFFIASGAAVDAIMWLFLECYDLQRATYHVGFT,4
CASIGNTEVFF,QEFFIASGAAVDAIMWLFLECYDLQRATYHVGFT,4
CASRGLAGDEQYF,QEFFIASGAAVDAIMWLFLECYDLQRATYHVGFT,11
CASTFSPGTRSRDTQYF,QEFFIASGAAVDAIMWLFLECYDLQRATYHVGFT,4
